{"Equations":["1A = 2B+1C","1B = 1D+1E","1B+1C = 1A"],"RateConstants":[0.094942585,0.053363882,0.0017628765],"Time":3000.0,"TimeStep":60.0,"InitialConcentrations":[0.9,0.0,0.0,0.0,0.0]}