{"Equations":["1A = 2B+1C","1B = 1D+1E"],"RateConstants":[0.094942585,0.053363882],"Time":50.0,"TimeStep":1.0,"InitialConcentrations":[0.9,0.0,0.0,0.0]}