{"Equations":["1A = 2B+1C","1B = 1D+1E","1B+1C = 1A"],"RateConstants":[4.507047E-16,3.1641155E-19,6.215467E-20],"Time":3000.0,"TimeStep":60.0,"InitialConcentrations":[0.9,0.0,0.0,0.0,0.0]}