{"Equations":["1Z+1O = 1V","2O = 1Z+1V"],"RateConstants":[9.902095E-34,5.333611E-37],"Time":10000.0,"TimeStep":2.0,"InitialConcentrations":[0.228,0.1488,0.1941]}