{"Equations":["1A = 1E+1C","2C = 1D","1D = 2C"],"RateConstants":[5.0123788E-14,2.3667453E-13,7.15879E-14],"Time":2000.0,"TimeStep":25.0,"InitialConcentrations":[0.3,0.2,0.6,0.2]}