{
    "A": [
        0.9,
        0.8184826239311389,
        0.7443486870191428,
        0.6769293454621043,
        0.6156166472046555,
        0.5598569737297234,
        0.5091481952079664,
        0.4630321913494494,
        0.4210925675765497,
        0.38295247821213496,
        0.34826703417165045,
        0.3167219016844197,
        0.2880344268767372,
        0.26194654480406804,
        0.23822146511995318,
        0.21664335965312315,
        0.19701973046030236,
        0.17917521705435827,
        0.1629479668318392,
        0.14818959976088808,
        0.13476528005813032,
        0.12255696607634811,
        0.11145644027989488,
        0.10136319964526735,
        0.09218445566110581,
        0.08383499027772419,
        0.07623836764296822,
        0.06932975902642098,
        0.06304907613250421,
        0.05733997134454147,
        0.05214983772475814,
        0.04742980901428145,
        0.043134684651644675,
        0.039223676848432115,
        0.03566506025909537,
        0.03242995585461286,
        0.029490800666452828,
        0.026821347786573295,
        0.024396666367422108,
        0.022193141621936904,
        0.020188474823545133,
        0.018361736404336845,
        0.0166969859644798,
        0.015182052657298077,
        0.013804740039933466,
        0.012553396227457419,
        0.011416913892871059,
        0.01038473026710518,
        0.009446827139020246,
        0.008593730855406387,
        0.007816512320983411
    ],
    "B": [
        0.0,
        0.1393536073997341,
        0.22818872139007956,
        0.28141906163847286,
        0.3096812047018903,
        0.32086635504658845,
        0.3202662101414319,
        0.31199071735748835,
        0.29893588527453313,
        0.28281757093127896,
        0.265130750621846,
        0.24702920074931248,
        0.22894626161714338,
        0.2112327133033448,
        0.19428280188246494,
        0.1783804488552844,
        0.16346907784156137,
        0.14951747777872793,
        0.13654372149830504,
        0.1246133785358937,
        0.11370020943033163,
        0.10368013529515921,
        0.09447092323902001,
        0.08601578917184835,
        0.07828339780486915,
        0.07126203296343263,
        0.06487856839751444,
        0.059057517145331445,
        0.0537427379370568,
        0.048888000744614885,
        0.044456986781681335,
        0.04042328850368303,
        0.036769259916400426,
        0.033454788898616944,
        0.03043938730744158,
        0.027693148566668525,
        0.0251897867189394,
        0.022906636425743226,
        0.020824652967416462,
        0.01892841224314296,
        0.017206110770954013,
        0.01564931656690933,
        0.014239284196603042,
        0.012956703821460728,
        0.011788562514377904,
        0.010723476484091263,
        0.009751691075178672,
        0.00886508076805916,
        0.008057149178992945,
        0.0073230290600813965,
        0.006659482299267074
    ],
    "C": [
        0.0,
        0.08151737606886117,
        0.15565131298085735,
        0.22307065453789585,
        0.2843833527953447,
        0.34014302627027665,
        0.39085180479203374,
        0.43696780865055074,
        0.4789074324234504,
        0.5170475217878652,
        0.5517329658283496,
        0.5832780983155804,
        0.6119655731232629,
        0.638053455195932,
        0.6617785348800469,
        0.6833566403468769,
        0.7029802695396977,
        0.7208247829456419,
        0.7370520331681609,
        0.751810400239112,
        0.7652347199418699,
        0.777443033923652,
        0.7885435597201053,
        0.7986368003547328,
        0.8078155443388944,
        0.8161650097222759,
        0.8237616323570318,
        0.8306702409735791,
        0.8369509238674959,
        0.8426600286554586,
        0.8478501622752419,
        0.8525701909857186,
        0.8568653153483554,
        0.8607763231515679,
        0.8643349397409047,
        0.8675700441453872,
        0.8705091993335472,
        0.8731786522134267,
        0.8756033336325779,
        0.8778068583780632,
        0.8798115251764549,
        0.8816382635956632,
        0.8833030140355203,
        0.884817947342702,
        0.8861952599600667,
        0.8874466037725427,
        0.888583086107129,
        0.8896152697328948,
        0.8905531728609798,
        0.8914062691445936,
        0.8921834876790167
    ],
    "D": [
        0.0,
        0.023681144737988234,
        0.08311390457163514,
        0.16472224743731884,
        0.25908550088879906,
        0.35941969749396474,
        0.4614373994426354,
        0.5619448999436131,
        0.6588789795723677,
        0.7512774726444513,
        0.8383351810348536,
        0.9195269958818485,
        0.9949848846293826,
        1.0648741970885194,
        1.129274267877629,
        1.1883328318384698,
        1.2424914612378344,
        1.292132088112556,
        1.3375603448380171,
        1.3790074219423305,
        1.4167692304534083,
        1.4512059325521451,
        1.4826161962011908,
        1.5112578115376174,
        1.5373476908729198,
        1.5610679864811194,
        1.5826446963165495,
        1.602282964801827,
        1.6201591097979353,
        1.6364320565663026,
        1.651243337768803,
        1.6647170934677544,
        1.6769613707803106,
        1.6880978574045191,
        1.698230492174368,
        1.707446939724106,
        1.7158286119481552,
        1.7234506680011106,
        1.7303820142977397,
        1.7366853045129835,
        1.742416939581956,
        1.7476272106244173,
        1.7523667438744377,
        1.7566791908639434,
        1.7606019574057554,
        1.7641697310609943,
        1.7674144811390795,
        1.7703654586977309,
        1.7730491965429669,
        1.775489509229106,
        1.7777074930587664
    ],
    "E": [
        0.0,
        0.023681144737988234,
        0.08311390457163514,
        0.16472224743731884,
        0.25908550088879906,
        0.35941969749396474,
        0.4614373994426354,
        0.5619448999436131,
        0.6588789795723677,
        0.7512774726444513,
        0.8383351810348536,
        0.9195269958818485,
        0.9949848846293826,
        1.0648741970885194,
        1.129274267877629,
        1.1883328318384698,
        1.2424914612378344,
        1.292132088112556,
        1.3375603448380171,
        1.3790074219423305,
        1.4167692304534083,
        1.4512059325521451,
        1.4826161962011908,
        1.5112578115376174,
        1.5373476908729198,
        1.5610679864811194,
        1.5826446963165495,
        1.602282964801827,
        1.6201591097979353,
        1.6364320565663026,
        1.651243337768803,
        1.6647170934677544,
        1.6769613707803108,
        1.6880978574045193,
        1.6982304921743683,
        1.7074469397241063,
        1.7158286119481554,
        1.7234506680011108,
        1.73038201429774,
        1.7366853045129838,
        1.7424169395819562,
        1.7476272106244175,
        1.752366743874438,
        1.7566791908639436,
        1.7606019574057556,
        1.7641697310609945,
        1.7674144811390797,
        1.770365458697731,
        1.773049196542967,
        1.7754895092291063,
        1.7777074930587666
    ],