{
    "A": [
        0.9,
        0.007562149328167551,
        0.00032576040180957273,
        1.7655266361083722e-05,
        9.680523016917707e-07,
        3.559640881761562e-08,
        -1.6595997815195764e-07,
        1.5905604503048847e-08,
        1.5986217136790827e-07,
        2.9450233725217685e-07,
        -2.8982207469932765e-08,
        -1.2497882310003328e-07,
        -2.7479000164385684e-07,
        1.3688784667846002e-07,
        1.5770244556739271e-07,
        3.6434392821368444e-07,
        4.112318063487664e-08,
        -7.853949072236883e-08,
        -3.2979833639926947e-07,
        8.75879397897633e-08,
        7.624626059991908e-08,
        4.327357521342457e-07,
        1.1150912070658976e-07,
        -2.6814329770074015e-08,
        -3.8394382553552556e-07,
        4.9983612582979957e-08,
        -1.8068576453528623e-09,
        5.031120326521111e-07,
        1.7571423026786149e-07,
        2.3888339838614572e-08,
        -1.7517250208026942e-07,
        -1.7210137027809469e-07,
        2.1094220088437042e-07,
        3.979498541083006e-07,
        2.3313540210621828e-07,
        -1.4359696369196412e-07,
        -1.3458340154783617e-07,
        -1.9701134598490217e-07,
        1.747498416078463e-07,
        3.581238923781936e-07,
        2.433977055316287e-07,
        -1.1331034376462964e-07,
        -9.679827031887428e-08,
        -2.0825191517772383e-07,
        1.5362710467592124e-07,
        2.987184835182382e-07,
        2.3255114909355724e-07,
        9.755455459837359e-08,
        -8.634950577574473e-08,
        -3.1682746604297054e-07,
        1.7738536373695407e-07
    ],
    "B": [
        0.0,
        0.1663047176236117,
        0.009423230807425492,
        0.0005164843085032599,
        2.8346386310161848e-05,
        1.4997455902269203e-06,
        7.41712681487159e-07,
        -3.0026965787119356e-08,
        -6.509879498835139e-07,
        -1.2031448808536552e-06,
        1.1842193494482221e-07,
        5.106366319984029e-07,
        1.12273210098786e-06,
        -5.592943008005634e-07,
        -6.443384229313679e-07,
        -1.4886309808798667e-06,
        -1.68021093881434e-07,
        3.208951091260922e-07,
        1.3474840763024848e-06,
        -3.578655162221063e-07,
        -3.1152599818023514e-07,
        -1.768065107749676e-06,
        -4.55602860927317e-07,
        1.0955726691354215e-07,
        1.5687106066187936e-06,
        -2.0422234750421325e-07,
        7.382221613371511e-09,
        -2.0556072536100003e-06,
        -7.179310879115821e-07,
        -9.760289381685331e-08,
        7.157168388245595e-07,
        7.031688546672527e-07,
        -8.618643555713502e-07,
        -1.6259376816506557e-06,
        -9.525413216973111e-07,
        5.86705259349927e-07,
        5.498784474070339e-07,
        8.049456247205466e-07,
        -7.139901747777908e-07,
        -1.4632173849098654e-06,
        -9.944708461342313e-07,
        4.629605086247524e-07,
        3.954965583708309e-07,
        8.508721644753355e-07,
        -6.276872058089914e-07,
        -1.2204996969444417e-06,
        -9.501541157497507e-07,
        -3.9858729294341063e-07,
        3.528051377188982e-07,
        1.2944878338559699e-06,
        -7.247584506408199e-07
    ],
    "C": [
        0.0,
        0.8924378506718327,
        0.8996742395981905,
        0.8999823447336389,
        0.8999990319476984,
        0.8999999644035912,
        0.9000001659599781,
        0.8999999840943955,
        0.8999998401378285,
        0.8999997054976626,
        0.9000000289822074,
        0.9000001249788231,
        0.9000002747900017,
        0.8999998631121533,
        0.8999998422975544,
        0.8999996356560718,
        0.8999999588768193,
        0.9000000785394907,
        0.9000003297983363,
        0.8999999124120601,
        0.8999999237537393,
        0.8999995672642477,
        0.8999998884908791,
        0.9000000268143296,
        0.9000003839438254,
        0.8999999500163873,
        0.9000000018068576,
        0.8999994968879672,
        0.8999998242857696,
        0.8999999761116599,
        0.9000001751725019,
        0.90000017210137,
        0.8999997890577989,
        0.8999996020501456,
        0.8999997668645977,
        0.9000001435969636,
        0.9000001345834014,
        0.9000001970113459,
        0.8999998252501584,
        0.8999996418761076,
        0.8999997566022945,
        0.9000001133103438,
        0.9000000967982703,
        0.9000002082519152,
        0.8999998463728953,
        0.8999997012815165,
        0.8999997674488509,
        0.8999999024454456,
        0.9000000863495059,
        0.9000003168274662,
        0.8999998226146364
    ],
    "D": [
        0.0,
        1.65788509777479,
        1.8344682007473816,
        1.8442829108661631,
        1.8448204035438007,
        1.8448499948920476,
        1.8448511916182295,
        1.8448516121290754,
        1.844851955382306,
        1.8448522469266513,
        1.8448515516569424,
        1.8448513452997706,
        1.8448510232513071,
        1.844851908233436,
        1.8448519529782499,
        1.8448523971947446,
        1.844851702367462,
        1.8448514451281048,
        1.8448509049975361,
        1.8448518022508198,
        1.8448517778693352,
        1.8448525442137462,
        1.8448518536732428,
        1.8448515563188608,
        1.8448507885985859,
        1.8448517214100795,
        1.8448516100759078,
        1.8448526954986035,
        1.8448519916919939,
        1.8448516653114653,
        1.844851237390444,
        1.8448512439920774,
        1.8448520674196611,
        1.8448524694293147,
        1.8448521151276012,
        1.8448513052668682,
        1.8448513246421363,
        1.8448511904404357,
        1.8448519896142894,
        1.8448523838127124,
        1.8448521371856599,
        1.8448513703712968,
        1.8448514058658942,
        1.8448511662737688,
        1.8448519442039342,
        1.844852256106083,
        1.8448521138659049,
        1.8448518236638065,
        1.8448514283251678,
        1.8448509328672662,
        1.8448519952743458
    ],
    "E": [
        0.0,
        1.65788509777479,
        1.8344682007473816,
        1.8442829108661631,
        1.8448204035438007,
        1.8448499948920476,
        1.8448511916182295,
        1.8448516121290754,
        1.844851955382306,
        1.8448522469266513,
        1.8448515516569424,
        1.8448513452997706,
        1.8448510232513071,
        1.844851908233436,
        1.8448519529782499,
        1.8448523971947446,
        1.844851702367462,
        1.8448514451281048,
        1.8448509049975361,
        1.8448518022508198,
        1.8448517778693352,
        1.8448525442137462,
        1.8448518536732428,
        1.8448515563188608,
        1.8448507885985859,
        1.8448517214100795,
        1.8448516100759078,
        1.8448526954986035,
        1.8448519916919939,
        1.8448516653114653,
        1.844851237390444,
        1.8448512439920774,
        1.8448520674196611,
        1.8448524694293147,
        1.8448521151276012,
        1.8448513052668682,
        1.8448513246421363,
        1.8448511904404357,
        1.8448519896142894,
        1.8448523838127124,
        1.8448521371856599,
        1.8448513703712968,
        1.8448514058658942,
        1.8448511662737688,
        1.8448519442039342,
        1.844852256106083,
        1.8448521138659049,
        1.8448518236638065,
        1.8448514283251678,
        1.8448509328672662,
        1.8448519952743458
    ],