{
    "A": [
        0.9,
        0.8999999999999756,
        0.8999999999999514,
        0.899999999999927,
        0.8999999999999027,
        0.8999999999998783,
        0.899999999999854,
        0.8999999999998296,
        0.8999999999998053,
        0.899999999999781,
        0.8999999999997567,
        0.8999999999997323,
        0.8999999999997079,
        0.8999999999996836,
        0.8999999999996593,
        0.899999999999635,
        0.8999999999996106,
        0.8999999999995862,
        0.8999999999995619,
        0.8999999999995375,
        0.8999999999995132,
        0.8999999999994889,
        0.8999999999994646,
        0.8999999999994402,
        0.8999999999994158,
        0.8999999999993915,
        0.8999999999993672,
        0.8999999999993429,
        0.8999999999993185,
        0.8999999999992941,
        0.8999999999992698,
        0.8999999999992455,
        0.8999999999992212,
        0.8999999999991968,
        0.8999999999991725,
        0.8999999999991481,
        0.8999999999991238,
        0.8999999999990995,
        0.8999999999990751,
        0.8999999999990508,
        0.8999999999990265,
        0.8999999999990022,
        0.8999999999989777,
        0.8999999999989534,
        0.8999999999989291,
        0.8999999999989048,
        0.8999999999988805,
        0.899999999998856,
        0.8999999999988317,
        0.8999999999988074,
        0.8999999999987831
    ],
    "B": [
        0.0,
        4.867610759999936e-14,
        9.735221519999739e-14,
        1.4602832279999411e-13,
        1.9470443039998953e-13,
        2.433805379999836e-13,
        2.9205664559997636e-13,
        3.407327531999679e-13,
        3.89408860799958e-13,
        4.380849683999468e-13,
        4.867610759999343e-13,
        5.354371835999205e-13,
        5.841132911999055e-13,
        6.32789398799889e-13,
        6.814655063998712e-13,
        7.301416139998522e-13,
        7.788177215998317e-13,
        8.2749382919981e-13,
        8.761699367997869e-13,
        9.248460443997625e-13,
        9.735221519997367e-13,
        1.0221982595997097e-12,
        1.0708743671996815e-12,
        1.119550474799652e-12,
        1.168226582399621e-12,
        1.2169026899995887e-12,
        1.265578797599555e-12,
        1.3142549051995202e-12,
        1.3629310127994841e-12,
        1.4116071203994462e-12,
        1.4602832279994075e-12,
        1.5089593355993672e-12,
        1.557635443199326e-12,
        1.606311550799283e-12,
        1.654987658399239e-12,
        1.7036637659991935e-12,
        1.752339873599147e-12,
        1.8010159811990987e-12,
        1.849692088799049e-12,
        1.8983681963989987e-12,
        1.9470443039989467e-12,
        1.995720411598893e-12,
        2.0443965191988386e-12,
        2.0930726267987826e-12,
        2.1417487343987253e-12,
        2.190424841998667e-12,
        2.2391009495986067e-12,
        2.2877770571985454e-12,
        2.336453164798483e-12,
        2.385129272398419e-12,
        2.433805379998354e-12
    ],
    "C": [
        0.0,
        2.433805379999968e-14,
        4.8676107599998695e-14,
        7.301416139999706e-14,
        9.735221519999476e-14,
        1.216902689999918e-13,
        1.4602832279998818e-13,
        1.7036637659998393e-13,
        1.9470443039997903e-13,
        2.190424841999734e-13,
        2.4338053799996714e-13,
        2.677185917999603e-13,
        2.9205664559995274e-13,
        3.1639469939994455e-13,
        3.4073275319993565e-13,
        3.650708069999261e-13,
        3.8940886079991595e-13,
        4.1374691459990503e-13,
        4.3808496839989356e-13,
        4.624230221998812e-13,
        4.867610759998685e-13,
        5.11099129799855e-13,
        5.354371835998408e-13,
        5.59775237399826e-13,
        5.841132911998106e-13,
        6.084513449997944e-13,
        6.327893987997776e-13,
        6.571274525997602e-13,
        6.814655063997421e-13,
        7.058035601997233e-13,
        7.30141613999704e-13,
        7.544796677996838e-13,
        7.788177215996631e-13,
        8.031557753996417e-13,
        8.274938291996197e-13,
        8.51831882999597e-13,
        8.761699367995737e-13,
        9.005079905995498e-13,
        9.24846044399525e-13,
        9.491840981994996e-13,
        9.735221519994738e-13,
        9.97860205799447e-13,
        1.0221982595994197e-12,
        1.0465363133993917e-12,
        1.0708743671993633e-12,
        1.0952124209993338e-12,
        1.119550474799304e-12,
        1.1438885285992735e-12,
        1.1682265823992423e-12,
        1.1925646361992102e-12,
        1.2169026899991777e-12
    ],
    "D": [
        0.0,
        4.620504796104794e-31,
        1.8482019184419004e-30,
        4.1584543164942404e-30,
        7.392807673767474e-30,
        1.1551261990261577e-29,
        1.6633817265976516e-29,
        2.2640473500912282e-29,
        2.957123069506883e-29,
        3.742608884844613e-29,
        4.620504796104418e-29,
        5.590810803286296e-29,
        6.653526906390242e-29,
        7.808653105416254e-29,
        9.05618940036433e-29,
        1.0396135791234465e-28,
        1.1828492278026663e-28,
        1.3353258860740917e-28,
        1.497043553937723e-28,
        1.6680022313935587e-28,
        1.8482019184415997e-28,
        2.0376426150818456e-28,
        2.2363243213142955e-28,
        2.4442470371389495e-28,
        2.6614107625558076e-28,
        2.8878154975648692e-28,
        3.1234612421661345e-28,
        3.368347996359603e-28,
        3.6224757601452745e-28,
        3.8858445335231484e-28,
        4.1584543164932245e-28,
        4.440305109055503e-28,
        4.731396911209984e-28,
        5.031729722956666e-28,
        5.34130354429555e-28,
        5.660118375226634e-28,
        5.98817421574992e-28,
        6.325471065865406e-28,
        6.672008925573092e-28,
        7.027787794872979e-28,
        7.392807673765067e-28,
        7.767068562249354e-28,
        8.15057046032584e-28,
        8.543313367994525e-28,
        8.945297285255408e-28,
        9.356522212108491e-28,
        9.776988148553773e-28,
        1.0206695094591252e-27,
        1.064564305022093e-27,
        1.1093832015442805e-27,
        1.1551261990256878e-27
    ],