{
    "A": [
        0.9,
        0.8184901436228214,
        0.7444028034295294,
        0.677093792590173,
        0.6159627372252452,
        0.5604570009949674,
        0.5100772755479943,
        0.46435901627802534,
        0.4228711786650956,
        0.38521377538674173,
        0.35102814330959686,
        0.32000712733264086,
        0.2918637608064574,
        0.2663293304883465,
        0.24315337654232466,
        0.22210369253912474,
        0.2029660061221096,
        0.18556202400500085,
        0.16974498832752838,
        0.1553759643355962,
        0.14232312383758064,
        0.13046174520433035,
        0.11967421336916625,
        0.10985001982788165,
        0.10088589901075652,
        0.09269771006508495,
        0.08522474957568328,
        0.07840984412703156,
        0.07219792563220814,
        0.06653603133288968,
        0.061373303799351145,
        0.056660990930465775,
        0.05235244595370513,
        0.04840312742513905,
        0.04477210674392115,
        0.04143550310035657,
        0.038373187061605966,
        0.0355646202242052,
        0.03298982263989285,
        0.030629372815610255,
        0.028464407713501505,
        0.026476622750913437,
        0.024648271800395617,
        0.022962167189700376,
        0.021401679701782785,
        0.019956793057773013,
        0.018622521755936185,
        0.01738972667779155,
        0.016249886595937568,
        0.015195102955806953,
        0.014218099875666714
    ],
    "B": [
        0.0,
        0.15868735339547907,
        0.29471939458544827,
        0.41055320777758436,
        0.508431859189823,
        0.5903754970464867,
        0.6581672783565337,
        0.713443911845334,
        0.7577017239054507,
        0.7923073596671882,
        0.8184593736536301,
        0.8371499451345316,
        0.8492978181815948,
        0.855756514969982,
        0.8573143357783151,
        0.8546943589886761,
        0.8485536432738774,
        0.8394079915906325,
        0.8276592125269246,
        0.8136858752125871,
        0.7978458284555192,
        0.7804762007416868,
        0.7618934002351212,
        0.7423931147779199,
        0.722249586558718,
        0.7016624576360836,
        0.680747393200245,
        0.6596138483866587,
        0.6383676354240173,
        0.6171109236342487,
        0.5959422394325169,
        0.5749564663272213,
        0.5542448449199975,
        0.5338949729057163,
        0.513984341509513,
        0.49452540708683174,
        0.47552299855791424,
        0.45698697571457897,
        0.4389276879819656,
        0.42135597441853523,
        0.4042831637160702,
        0.3877210741996744,
        0.37168201382777255,
        0.35617878019211124,
        0.3412246605177579,
        0.32681016473823826,
        0.31290887260187283,
        0.2995122526875335,
        0.2866112433936573,
        0.27419623455713504,
        0.2622570674533111
    ],
    "C": [
        0.0,
        0.08150985637717872,
        0.15559719657047072,
        0.22290620740982706,
        0.28403726277475494,
        0.3395429990050327,
        0.3899227244520058,
        0.43564098372197485,
        0.47712882133490453,
        0.5147862246132584,
        0.5489718566904033,
        0.5799928726673593,
        0.6081362391935428,
        0.6336706695116536,
        0.6568466234576755,
        0.6778963074608754,
        0.6970339938778906,
        0.7144379759949993,
        0.7302550116724718,
        0.7446240356644039,
        0.7576768761624195,
        0.7695382547956698,
        0.7803257866308339,
        0.7901499801721185,
        0.7991141009892436,
        0.8073022899349153,
        0.8147752504243169,
        0.8215901558729686,
        0.8278020743677921,
        0.8334639686671105,
        0.838626696200649,
        0.8433390090695344,
        0.8476475540462951,
        0.8515968725748612,
        0.8552278932560791,
        0.8585644968996435,
        0.8616268129383942,
        0.864435379775795,
        0.8670101773601073,
        0.86937062718439,
        0.8715355922864987,
        0.8735233772490867,
        0.8753517281996045,
        0.8770378328102998,
        0.8785983202982174,
        0.8800432069422272,
        0.881377478244064,
        0.8826102733222085,
        0.8837501134040626,
        0.8848048970441932,
        0.8857819001243334
    ],
    "D": [
        0.0,
        0.0043402294776625746,
        0.016532321367198212,
        0.035436126428749576,
        0.06002702177117189,
        0.08939882138528683,
        0.1227689716738886,
        0.15942863461305243,
        0.19873936256696856,
        0.24012748508814905,
        0.28310306660003703,
        0.32727865997677974,
        0.37230021185254636,
        0.41784279819626646,
        0.46361062431163036,
        0.5093370248370883,
        0.5547855114641151,
        0.5997888198124356,
        0.6442324036176512,
        0.6880099007372241,
        0.7310219681319071,
        0.7731762818657442,
        0.8143875371060694,
        0.8545774481235082,
        0.8936751797085204,
        0.9316462503344536,
        0.968494498364542,
        1.0042234919877342,
        1.038836362538523,
        1.072335804496944,
        1.1047240754885772,
        1.1360029962845457,
        1.1661739508015163,
        1.1952378861016997,
        1.2231987939376294,
        1.250092181064656,
        1.2759539827272766,
        1.300815907778901,
        1.3247080490342331,
        1.3476588832692697,
        1.3696952712213009,
        1.3908424575889105,
        1.4111240710319757,
        1.430562124171667,
        1.4491770135904487,
        1.4669989829349546,
        1.4840653520561726,
        1.5004036068447493,
        1.516040519948945,
        1.531002159835026,
        1.5453138907872657
    ],
    "E": [
        0.0,
        0.0043402294776625746,
        0.016532321367198212,
        0.035436126428749576,
        0.06002702177117189,
        0.08939882138528683,
        0.1227689716738886,
        0.15942863461305243,
        0.19873936256696856,
        0.24012748508814905,
        0.28310306660003703,
        0.32727865997677974,
        0.37230021185254636,
        0.41784279819626646,
        0.46361062431163036,
        0.5093370248370883,
        0.5547855114641151,
        0.5997888198124356,
        0.6442324036176512,
        0.6880099007372241,
        0.7310219681319071,
        0.7731762818657442,
        0.8143875371060694,
        0.8545774481235082,
        0.8936751797085204,
        0.9316462503344536,
        0.968494498364542,
        1.0042234919877342,
        1.038836362538523,
        1.072335804496944,
        1.1047240754885772,
        1.1360029962845457,
        1.1661739508015163,
        1.1952378861016997,
        1.2231987939376294,
        1.250092181064656,
        1.2759539827272766,
        1.300815907778901,
        1.3247080490342331,
        1.3476588832692697,
        1.3696952712213009,
        1.3908424575889105,
        1.4111240710319757,
        1.430562124171667,
        1.4491770135904487,
        1.4669989829349546,
        1.4840653520561726,
        1.5004036068447493,
        1.516040519948945,
        1.531002159835026,
        1.5453138907872657
    ],