{
    "A": [
        0.3,
        0.29999999999962407,
        0.29999999999924815,
        0.29999999999887217,
        0.29999999999849625,
        0.2999999999981204,
        0.29999999999774446,
        0.2999999999973685,
        0.29999999999699256,
        0.29999999999661664,
        0.2999999999962407,
        0.2999999999958648,
        0.2999999999954889,
        0.29999999999511295,
        0.29999999999473703,
        0.29999999999436106,
        0.29999999999398513,
        0.2999999999936092,
        0.2999999999932333,
        0.29999999999285737,
        0.29999999999248145,
        0.2999999999921055,
        0.2999999999917296,
        0.2999999999913536,
        0.2999999999909777,
        0.2999999999906018,
        0.29999999999022586,
        0.29999999998984994,
        0.299999999989474,
        0.2999999999890981,
        0.2999999999887222,
        0.2999999999883462,
        0.2999999999879703,
        0.29999999998759436,
        0.29999999998721844,
        0.2999999999868425,
        0.2999999999864666,
        0.29999999998609067,
        0.29999999998571475,
        0.29999999998533877,
        0.29999999998496285,
        0.29999999998458693,
        0.299999999984211,
        0.2999999999838351,
        0.29999999998345916,
        0.29999999998308324,
        0.2999999999827073,
        0.29999999998233134,
        0.2999999999819554,
        0.2999999999815795,
        0.2999999999812036,
        0.29999999998082766,
        0.29999999998045174,
        0.2999999999800758,
        0.2999999999796999,
        0.2999999999793239,
        0.299999999978948,
        0.2999999999785721,
        0.29999999997819615,
        0.29999999997782023,
        0.2999999999774443,
        0.2999999999770684,
        0.29999999997669247,
        0.2999999999763165,
        0.29999999997594057,
        0.29999999997556465,
        0.2999999999751887,
        0.2999999999748128,
        0.2999999999744369,
        0.29999999997406096,
        0.29999999997368504,
        0.29999999997330906,
        0.29999999997293314,
        0.2999999999725572,
        0.2999999999721813,
        0.2999999999718054,
        0.29999999997142945,
        0.29999999997105353,
        0.2999999999706776,
        0.29999999997030163,
        0.2999999999699257
    ],
    "C": [
        0.2,
        0.20000000000205023,
        0.20000000000410045,
        0.20000000000615067,
        0.2000000000082009,
        0.2000000000102511,
        0.2000000000123013,
        0.20000000001435153,
        0.20000000001640175,
        0.20000000001845195,
        0.20000000002050217,
        0.2000000000225524,
        0.2000000000246026,
        0.20000000002665283,
        0.20000000002870305,
        0.20000000003075324,
        0.20000000003280347,
        0.2000000000348537,
        0.2000000000369039,
        0.20000000003895413,
        0.20000000004100435,
        0.20000000004305454,
        0.20000000004510476,
        0.20000000004715499,
        0.2000000000492052,
        0.20000000005125543,
        0.20000000005330565,
        0.20000000005535584,
        0.20000000005740606,
        0.20000000005945628,
        0.2000000000615065,
        0.20000000006355673,
        0.20000000006560695,
        0.20000000006765714,
        0.20000000006970736,
        0.20000000007175758,
        0.2000000000738078,
        0.20000000007585803,
        0.20000000007790825,
        0.20000000007995844,
        0.20000000008200866,
        0.20000000008405888,
        0.2000000000861091,
        0.20000000008815932,
        0.20000000009020952,
        0.20000000009225974,
        0.20000000009430996,
        0.20000000009636018,
        0.2000000000984104,
        0.2000000001004606,
        0.20000000010251082,
        0.20000000010456104,
        0.20000000010661126,
        0.20000000010866148,
        0.2000000001107117,
        0.2000000001127619,
        0.20000000011481212,
        0.20000000011686234,
        0.20000000011891256,
        0.20000000012096278,
        0.200000000123013,
        0.2000000001250632,
        0.20000000012711341,
        0.20000000012916364,
        0.20000000013121386,
        0.20000000013326408,
        0.2000000001353143,
        0.2000000001373645,
        0.2000000001394147,
        0.20000000014146493,
        0.20000000014351516,
        0.20000000014556538,
        0.2000000001476156,
        0.2000000001496658,
        0.200000000151716,
        0.20000000015376623,
        0.20000000015581645,
        0.20000000015786668,
        0.2000000001599169,
        0.2000000001619671,
        0.2000000001640173
    ],
    "D": [
        0.6,
        0.5999999999991629,
        0.5999999999983258,
        0.5999999999974885,
        0.5999999999966514,
        0.5999999999958143,
        0.5999999999949772,
        0.59999999999414,
        0.5999999999933029,
        0.5999999999924658,
        0.5999999999916286,
        0.5999999999907915,
        0.5999999999899543,
        0.5999999999891171,
        0.59999999998828,
        0.5999999999874429,
        0.5999999999866057,
        0.5999999999857686,
        0.5999999999849315,
        0.5999999999840943,
        0.5999999999832571,
        0.59999999998242,
        0.5999999999815828,
        0.5999999999807457,
        0.5999999999799086,
        0.5999999999790714,
        0.5999999999782343,
        0.5999999999773972,
        0.5999999999765601,
        0.5999999999757228,
        0.5999999999748857,
        0.5999999999740486,
        0.5999999999732114,
        0.5999999999723743,
        0.5999999999715372,
        0.5999999999707,
        0.5999999999698629,
        0.5999999999690258,
        0.5999999999681885,
        0.5999999999673514,
        0.5999999999665143,
        0.5999999999656771,
        0.59999999996484,
        0.5999999999640029,
        0.5999999999631657,
        0.5999999999623286,
        0.5999999999614914,
        0.5999999999606542,
        0.5999999999598171,
        0.59999999995898,
        0.5999999999581428,
        0.5999999999573057,
        0.5999999999564686,
        0.5999999999556314,
        0.5999999999547942,
        0.5999999999539571,
        0.5999999999531199,
        0.5999999999522828,
        0.5999999999514457,
        0.5999999999506085,
        0.5999999999497714,
        0.5999999999489343,
        0.599999999948097,
        0.5999999999472599,
        0.5999999999464228,
        0.5999999999455856,
        0.5999999999447485,
        0.5999999999439114,
        0.5999999999430743,
        0.5999999999422371,
        0.5999999999414,
        0.5999999999405629,
        0.5999999999397256,
        0.5999999999388885,
        0.5999999999380514,
        0.5999999999372142,
        0.5999999999363771,
        0.59999999993554,
        0.5999999999347028,
        0.5999999999338657,
        0.5999999999330285
    ],